<?xml version="1.0" encoding="utf-8"?>
<odoo>
    <data noupdate="0">
        <!--devices_1-->
        <record id="pdf_devices_1" model="ir.attachment">
            <field name="name">قائمة_بالأجهزة_المعتمدة.pdf</field>
            <field name="datas" type="base64" file="theme_cim/static/src/data/قائمة_بالأجهزة_المعتمدة.pdf"></field>
            <field name="mimetype">application/pdf;base64</field>
            <field name="public">True</field>
        </record>
        <record id="devices_1" model="accreditation.devices">
            <field name="name">قائمة بالأجهزة المعتمدة نوعيا و المسموح بتوريدها و إستخدامها في ليبيا</field>
            <field name="attachment_id" ref="theme_cim.pdf_devices_1"/>
        </record>
<!--        devices_2-->
        <record id="pdf_devices_2" model="ir.attachment">
            <field name="name">المعامل_المعتمدة_الهيئة.pdf</field>
            <field name="datas" type="base64" file="theme_cim/static/src/data/المعامل_المعتمدة_الهيئة.pdf"></field>
            <field name="mimetype">application/pdf;base64</field>
            <field name="public">True</field>
        </record>
        <record id="devices_2" model="accreditation.devices">
            <field name="name">المعامل المعتمدة من الهيئة أو معتمدة من قبل أحد أعضاء المنظمة الدولية لإعتماد المختبرات</field>
            <field name="attachment_id" ref="theme_cim.pdf_devices_2"/>
        </record>
        <!--devices_3-->
        <record id="pdf_devices_3" model="ir.attachment">
            <field name="name">شهادة_إعتماد_النوعية.pdf</field>
            <field name="datas" type="base64" file="theme_cim/static/src/data/شهادة_إعتماد_النوعية.pdf"></field>
            <field name="mimetype">application/pdf;base64</field>
            <field name="public">True</field>
        </record>
        <record id="devices_3" model="accreditation.devices">
            <field name="name">نموذج طلب شهادة إعتماد النوعية</field>
            <field name="attachment_id" ref="theme_cim.pdf_devices_3"/>
        </record>

    </data>
</odoo>