<?xml version="1.0" encoding="utf-8"?>
<odoo>
    <data noupdate="0">
        <!--decisions_1-->
        <record id="pdf_decisions_1" model="ir.attachment">
            <field name="name">pdf_16.pdf</field>
            <field name="datas" type="base64" file="theme_cim/static/src/data/decisions/pdf_16.pdf"></field>
            <field name="mimetype">application/pdf;base64</field>
            <field name="public">True</field>
        </record>
        <record id="decisions_1" model="decisions">
            <field name="name">قرار مجلس الوزراء باعتماد الهيكل التنظيمي واختصاصات وزارة الاتصالات.</field>
            <field name="date" eval="datetime(2013, 4, 1).date()"/>
            <field name="attachment_id" ref="theme_cim.pdf_decisions_1"/>
        </record>

        <!--decisions_2-->
        <record id="pdf_decisions_2" model="ir.attachment">
            <field name="name">pdf_15.pdf</field>
            <field name="datas" type="base64" file="theme_cim/static/src/data/decisions/pdf_15.pdf"></field>
            <field name="mimetype">application/pdf;base64</field>
            <field name="public">True</field>
        </record>
        <record id="decisions_2" model="decisions">
            <field name="name">قرار إنشاء الهيئة الوطنية لأمن و سلامة المعلومات</field>
            <field name="date" eval="datetime(2013, 1, 22).date()"/>
            <field name="attachment_id" ref="theme_cim.pdf_decisions_2"/>
        </record>

        <!--decisions_3-->
        <record id="pdf_decisions_3" model="ir.attachment">
            <field name="name">pdf_14.pdf</field>
            <field name="datas" type="base64" file="theme_cim/static/src/data/decisions/pdf_14.pdf"></field>
            <field name="mimetype">application/pdf;base64</field>
            <field name="public">True</field>
        </record>
        <record id="decisions_3" model="decisions">
            <field name="name">قرار مجلس الوزراء بتسمية الوكلاء والوكلاء المساعدين</field>
            <field name="date" eval="datetime(2013, 1, 6).date()"/>
            <field name="attachment_id" ref="theme_cim.pdf_decisions_3"/>
        </record>

        <!--decisions_4-->
        <record id="pdf_decisions_4" model="ir.attachment">
            <field name="name">pdf_12.pdf</field>
            <field name="datas" type="base64" file="theme_cim/static/src/data/decisions/pdf_12.pdf"></field>
            <field name="mimetype">application/pdf;base64</field>
            <field name="public">True</field>
        </record>
        <record id="decisions_4" model="decisions">
            <field name="name">قرار بشأن إنشاء فروع لوزارة الاتصالات والمعلوماتية</field>
            <field name="date" eval="datetime(2012, 3, 19).date()"/>
            <field name="attachment_id" ref="theme_cim.pdf_decisions_4"/>
        </record>

        <!--decisions_5-->
        <record id="pdf_decisions_5" model="ir.attachment">
            <field name="name">pdf_11.pdf</field>
            <field name="datas" type="base64" file="theme_cim/static/src/data/decisions/pdf_11.pdf"></field>
            <field name="mimetype">application/pdf;base64</field>
            <field name="public">True</field>
        </record>
        <record id="decisions_5" model="decisions">
            <field name="name">قرار مجلس الوزراء بتسمية وكيلين مساعدين لوزارة الاتصالات و المعلوماتية</field>
            <field name="date" eval="datetime(2012, 3, 4).date()"/>
            <field name="attachment_id" ref="theme_cim.pdf_decisions_5"/>
        </record>

        <!--decisions_6-->
        <record id="pdf_decisions_6" model="ir.attachment">
            <field name="name">pdf_3.pdf</field>
            <field name="datas" type="base64" file="theme_cim/static/src/data/decisions/pdf_3.pdf"></field>
            <field name="mimetype">application/pdf;base64</field>
            <field name="public">True</field>
        </record>
        <record id="decisions_6" model="decisions">
            <field name="name">قرار بتشكيل مجلس إدارة شركة ليبيانا للهاتف المحمول</field>
            <field name="date" eval="datetime(2012, 2, 22).date()"/>
            <field name="attachment_id" ref="theme_cim.pdf_decisions_6"/>
        </record>

        <!--decisions_7-->
        <record id="pdf_decisions_7" model="ir.attachment">
            <field name="name">pdf_4.pdf</field>
            <field name="datas" type="base64" file="theme_cim/static/src/data/decisions/pdf_4.pdf"></field>
            <field name="mimetype">application/pdf;base64</field>
            <field name="public">True</field>
        </record>
        <record id="decisions_7" model="decisions">
            <field name="name">قرار بتشكيل مجلس إدارة شركة البنية للاستثمار و الخدمات</field>
            <field name="date" eval="datetime(2012, 2, 22).date()"/>
            <field name="attachment_id" ref="theme_cim.pdf_decisions_7"/>
        </record>

        <!--decisions_8-->
        <record id="pdf_decisions_8" model="ir.attachment">
            <field name="name">pdf_5.pdf</field>
            <field name="datas" type="base64" file="theme_cim/static/src/data/decisions/pdf_5.pdf"></field>
            <field name="mimetype">application/pdf;base64</field>
            <field name="public">True</field>
        </record>
        <record id="decisions_8" model="decisions">
            <field name="name">قرار بتشكيل مجلس إدارة شركة المدار الجديد</field>
            <field name="date" eval="datetime(2012, 2, 22).date()"/>
            <field name="attachment_id" ref="theme_cim.pdf_decisions_8"/>
        </record>

        <!--decisions_9-->
        <record id="pdf_decisions_9" model="ir.attachment">
            <field name="name">pdf_6.pdf</field>
            <field name="datas" type="base64" file="theme_cim/static/src/data/decisions/pdf_6.pdf"></field>
            <field name="mimetype">application/pdf;base64</field>
            <field name="public">True</field>
        </record>
        <record id="decisions_9" model="decisions">
            <field name="name">قرار بتشكيل مجلس إدارة شركة الجيل الجديد للتقنية</field>
            <field name="date" eval="datetime(2012, 2, 22).date()"/>
            <field name="attachment_id" ref="theme_cim.pdf_decisions_9"/>
        </record>

        <!--decisions_10-->
        <record id="pdf_decisions_10" model="ir.attachment">
            <field name="name">pdf_7.pdf</field>
            <field name="datas" type="base64" file="theme_cim/static/src/data/decisions/pdf_7.pdf"></field>
            <field name="mimetype">application/pdf;base64</field>
            <field name="public">True</field>
        </record>
        <record id="decisions_10" model="decisions">
            <field name="name">قرار بتشكيل مجلس إدارة شركة ليبيا للاتصالات و التقنية</field>
            <field name="date" eval="datetime(2012, 2, 22).date()"/>
            <field name="attachment_id" ref="theme_cim.pdf_decisions_10"/>
        </record>

        <!--decisions_11-->
        <record id="pdf_decisions_11" model="ir.attachment">
            <field name="name">pdf_8.pdf</field>
            <field name="datas" type="base64" file="theme_cim/static/src/data/decisions/pdf_8.pdf"></field>
            <field name="mimetype">application/pdf;base64</field>
            <field name="public">True</field>
        </record>
        <record id="decisions_11" model="decisions">
            <field name="name">قرار بتشكيل مجلس إدارة شركة الاتصالات الدولية الليبية</field>
            <field name="date" eval="datetime(2012, 2, 22).date()"/>
            <field name="attachment_id" ref="theme_cim.pdf_decisions_11"/>
        </record>

        <!--decisions_12-->
        <record id="pdf_decisions_12" model="ir.attachment">
            <field name="name">pdf_9.pdf</field>
            <field name="datas" type="base64" file="theme_cim/static/src/data/decisions/pdf_9.pdf"></field>
            <field name="mimetype">application/pdf;base64</field>
            <field name="public">True</field>
        </record>
        <record id="decisions_12" model="decisions">
            <field name="name">قرار بتشكيل مجلس إدارة شركة هاتف ليبيا</field>
            <field name="date" eval="datetime(2012, 2, 22).date()"/>
            <field name="attachment_id" ref="theme_cim.pdf_decisions_12"/>
        </record>

        <!--decisions_13-->
        <record id="pdf_decisions_13" model="ir.attachment">
            <field name="name">pdf_10.pdf</field>
            <field name="datas" type="base64" file="theme_cim/static/src/data/decisions/pdf_10.pdf"></field>
            <field name="mimetype">application/pdf;base64</field>
            <field name="public">True</field>
        </record>
        <record id="decisions_13" model="decisions">
            <field name="name">قرار بتشكيل مجلس إدارة شركة بريد ليبيا</field>
            <field name="date" eval="datetime(2012, 2, 22).date()"/>
            <field name="attachment_id" ref="theme_cim.pdf_decisions_13"/>
        </record>

        <!--decisions_14-->
        <record id="pdf_decisions_14" model="ir.attachment">
            <field name="name">pdf_2.pdf</field>
            <field name="datas" type="base64" file="theme_cim/static/src/data/decisions/pdf_2.pdf"></field>
            <field name="mimetype">application/pdf;base64</field>
            <field name="public">True</field>
        </record>
        <record id="decisions_14" model="decisions">
            <field name="name">قرار تكليف مدير عام للشركة الليبية للبريد والاتصالات وتقنية المعلومات</field>
            <field name="date" eval="datetime(2012, 2, 21).date()"/>
            <field name="attachment_id" ref="theme_cim.pdf_decisions_14"/>
        </record>

        <!--decisions_15-->
        <record id="pdf_decisions_15" model="ir.attachment">
            <field name="name">pdf_1.pdf</field>
            <field name="datas" type="base64" file="theme_cim/static/src/data/decisions/pdf_1.pdf"></field>
            <field name="mimetype">application/pdf;base64</field>
            <field name="public">True</field>
        </record>
        <record id="decisions_15" model="decisions">
            <field name="name">قرار تأسيس مجلس إدارة الشركة الليبية للبريد والاتصالات وتقنية المعلومات</field>
            <field name="date" eval="datetime(2012, 2, 1).date()"/>
            <field name="attachment_id" ref="theme_cim.pdf_decisions_14"/>
        </record>

    </data>
</odoo>