<?xml version="1.0" encoding="utf-8"?>
<odoo>
    <data noupdate="0">

        <!--	ورشة عمل تطوير الإطار الإستراتيجي لبرنامج الصحة الإلكترونية-->
        <record id="workshop_to_develop_the_strategic_framework_for_the_ehealth_program" model="egovernment.files">
            <field name="name">ورشة عمل تطوير الإطار الإستراتيجي لبرنامج الصحة الإلكترونية</field>
        </record>

        <!--ورشة عمل التحول الالكتروني بقطاع التجارة-->
        <record id="electronic_transformation_workshop_in_the_trade_sector" model="egovernment.files">
            <field name="name">ورشة عمل التحول الالكتروني بقطاع التجارة</field>
        </record>

        <!--====================================================================================-->
        <!--	النشرة الإخبارية العدد الأول ـ النسخة العربية .-->
        <record id="pdf_newsletter_issue_one_ar" model="ir.attachment">
            <field name="name">newsletter_3_ar.pdf</field>
            <field name="datas" type="base64"
                   file="theme_cim/static/src/data/egovernment_files/newsletter_3_ar.pdf"></field>
            <field name="mimetype">application/pdf;base64</field>
            <field name="public">True</field>
        </record>
        <record id="newsletter_issue_one_ar" model="egovernment.files">
            <field name="name">النشرة الإخبارية العدد الأول ـ النسخة العربية</field>
            <field name="attachment_id" ref="theme_cim.pdf_newsletter_issue_one_ar"/>
        </record>
        <!--Newsletter Issue One - English Ver.-->
        <record id="pdf_newsletter_issue_one_en" model="ir.attachment">
            <field name="name">newsletter_3_en.pdf</field>
            <field name="datas" type="base64"
                   file="theme_cim/static/src/data/egovernment_files/newsletter_3_en.pdf"></field>
            <field name="mimetype">application/pdf;base64</field>
            <field name="public">True</field>
        </record>
        <record id="newsletter_issue_one_en" model="egovernment.files">
            <field name="name">Newsletter Issue One - English Ver</field>
            <field name="attachment_id" ref="theme_cim.pdf_newsletter_issue_one_en"/>
        </record>

        <!--====================================================================================-->
        <!--	النشرة الإخبارية العدد الثاني ـ النسخة العربية -->
        <record id="pdf_newsletter_issue_two_ar" model="ir.attachment">
            <field name="name">newsletter_7_ar.pdf</field>
            <field name="datas" type="base64"
                   file="theme_cim/static/src/data/egovernment_files/newsletter_7_ar.pdf"></field>
            <field name="mimetype">application/pdf;base64</field>
            <field name="public">True</field>
        </record>
        <record id="newsletter_issue_two_ar" model="egovernment.files">
            <field name="name">النشرة الإخبارية العدد الثاني ـ النسخة العربية</field>
            <field name="attachment_id" ref="theme_cim.pdf_newsletter_issue_two_ar"/>
        </record>
        <!--	Newsletter Issue Two - English Ver -->
        <record id="pdf_newsletter_issue_two_en" model="ir.attachment">
            <field name="name">newsletter_7_en.pdf</field>
            <field name="datas" type="base64"
                   file="theme_cim/static/src/data/egovernment_files/newsletter_7_en.pdf"></field>
            <field name="mimetype">application/pdf;base64</field>
            <field name="public">True</field>
        </record>
        <record id="newsletter_issue_two_en" model="egovernment.files">
            <field name="name">Newsletter Issue Two - English Ver</field>
            <field name="attachment_id" ref="theme_cim.pdf_newsletter_issue_two_en"/>
        </record>

        <!--====================================================================================-->
        <!--	النشرة الإخبارية العدد الثالث ـ النسخة العربية -->
        <record id="pdf_newsletter_issue_three_ar" model="ir.attachment">
            <field name="name">newsletter_5_ar.pdf</field>
            <field name="datas" type="base64"
                   file="theme_cim/static/src/data/egovernment_files/newsletter_5_ar.pdf"></field>
            <field name="mimetype">application/pdf;base64</field>
            <field name="public">True</field>
        </record>
        <record id="newsletter_issue_three_ar" model="egovernment.files">
            <field name="name">النشرة الإخبارية العدد الثاني ـ النسخة العربية</field>
            <field name="attachment_id" ref="theme_cim.pdf_newsletter_issue_three_ar"/>
        </record>
        <!--	Newsletter Issue Two - English Ver -->
        <record id="pdf_newsletter_issue_three_en" model="ir.attachment">
            <field name="name">newsletter_5_en.pdf</field>
            <field name="datas" type="base64"
                   file="theme_cim/static/src/data/egovernment_files/newsletter_5_en.pdf"></field>
            <field name="mimetype">application/pdf;base64</field>
            <field name="public">True</field>
        </record>
        <record id="newsletter_issue_three_en" model="egovernment.files">
            <field name="name">Newsletter Issue Three - English Ver</field>
            <field name="attachment_id" ref="theme_cim.pdf_newsletter_issue_three_en"/>
        </record>

    </data>
</odoo>