<?xml version="1.0" encoding="utf-8"?>
<odoo>
    <data noupdate="0">

        <record id="news_1" model="news">
            <field name="name">إجتماع اللجنة المشكلة بقرار رئيس الهيئة رقم ( 140) لسنة2019م</field>
            <field name="image" type="base64" file="theme_cim/static/src/data/slider_home/Component 77 – 1.png"></field>
            <field name="in_slider">True</field>
            <field name="short_description">2021-03-23
                عقد صباح اليوم الثلاثاء الموافق 2021/3/23م بمقر الهيئة بطرابلس إجتماع اللجنة المشكلة بقرار رئيس الهيئة
                رقم ( 140) لسنة2019م
            </field>
            <field name="description">
                عقد صباح اليوم الثلاثاء الموافق 2021/3/23م بمقر الهيئة بطرابلس إجتماع اللجنة المشكلة بقرار رئيس الهيئة
                رقم ( 140) لسنة2019م بشأن تشكيل فريق عمل وتحديد مهامه. بحضور كلاً من السيد رئيس الهيئة العامة للإتصالات
                والمعلوماتية المهندس سامي محمد الفنطازي" والسادة المدراء العامون بالهيئة ومدراء المكاتب تناول الاجتماع
                مناقشة بنود قرار رقم (83 )الصادر من الاتحاد الدولي للاتصالات والذي ينص على تقديم وتوفير المساعدة والدعم
                للحكومة الليبية لإعادة بناء البنية التحتية للاتصالات والعمل على بناء وتنمية القدرات البشرية ووضع
                التشريعات والأطر التنظيمية في مجال الاتصالات
                وقد تخلل الاجتماع ايضاً التطرق لمشروع الاستراتيجية الوطنية لقطاع الاتصالات واستعراض نتيجة مسودة العمل
                بين فريق العمل الهيئة العامة للاتصالات وفريق الاتحاد الدولي للاتصالات.
                وفي ختام الاجتماع تم الاتفاق على اعداد جدول زمني بين الادارات وفريق العمل لزيادة توضيح بعض النقاط
                والاجابة على التساؤلات.
            </field>
        </record>
        <record id="news_2" model="news">
            <field name="name">الهيئة العامة للإتصالات والمعلوماتية تحذر من خطر التصيد الإلكتروني
            </field>
            <field name="image" type="base64" file="theme_cim/static/src/data/slider_home/Component 78 – 1.png"></field>
            <field name="in_slider">True</field>
            <field name="short_description">2020-10-08
                تحذرت من خلاله المواطنين من خطر التعامل مع الصفحات الوهمية الممولة التي ظهرت خلال الأونة الأخيرة بكثرة
                على صفحات ومواقع التواصل الإجتماعي ، تحمل اسماء وشعارات شركات قطاع الاتصالات الوطنية المحلية .
            </field>
        </record>
        <record id="news_3" model="news">
            <field name="name">اجتماع موسع لمناقشة سبل تعزيز قدرات شركة بريد ليبيا</field>
            <field name="image" type="base64" file="theme_cim/static/src/data/slider_home/Component 79 – 1.png"></field>
            <field name="in_slider">True</field>
            <field name="short_description">2020-11-19
                عقدت اللجنة المنبثقة عن الجمعية العمومية للشركة الليبية القابضة للاتصالات ، والمعنية بمتابعة المشاكل
                والعراقيل التي تعيق سير عمل شركة بريد ليبيا ؛ في وقت مبكر من مساء اليوم اجتماعاً موسعاً ؛ مع رئيس مجلس
                إدارة شركة بريد ليبيا ومديرها العام ولفيف من الخبراء والمستشارين ومدراء الادارات والمشاريع بها .
            </field>
        </record>
        <record id="news_4" model="news">
            <field name="name">تهنئة بمناسبة الذكرى (69) لعيد الإستقلال
            </field>
            <field name="image" type="base64" file="theme_cim/static/src/data/slider_home/Component 80 – 1.png"></field>
            <field name="in_slider">True</field>
            <field name="short_description">تهنئة بمناسبة الذكرى (69) لعيد الإستقلال
            </field>
        </record>
        <record id="news_5" model="news">
            <field name="name">تواصل الإجتماعات مع الاتحاد الدولي للاتصالات لتنفيذ قرار المؤتمر الدولي رقم 83.</field>
        </record>
        <record id="news_6" model="news">
            <field name="name">الهيئة العامة للاتصالات والمعلوماتية تشارك في ملتقى ليبيا الدولي لتكنولوجيا المعلومات
            </field>
        </record>
        <record id="news_7" model="news">
            <field name="name">توقيع اتفاقية تعاون وشراكة بين الهيئة العامة للاتصالات والمعلوماتية والهيئة العامة للبحث
                والتعرف على المفقودين
            </field>
            <field name="description">
                في إطار تعاون الهيئة العامة للاتصالات والمعلوماتية مع الهيئة العامة للبحث والتعرف على المفقودين تم صباح
                الثلاثاء 9/فبراير / 2021م بمقر الهيئة العامة للاتصالات والمعلوماتية بطرابلس مراسم التوقيع على اتفاقية
                تعاون وشراكة بين الهيئة العامة للاتصالات والمعلوماتية والهيئة العامة للبحث والتعرف على المفقودين ، وذلك
                بحضور السيد رئيس الهيئة العامة للاتصالات والمعلوماتية المهندس / سامي محمد الفنطازي والدكتور كمال سالم
                السيوي رئيس الهيئة العامة للبحث والتعرف على المفقودين ، حيث اتفق الطرفان على القيام بالدور الإنساني
                والهام للاستقرار المجتمعي والسلم الاهلي في مجال البحث والتعرف على مفقودى الأزمات والحروب والحالات
                الانسانية بشكل متطور تقنياً وفنياً في مجال الطب الشرعي وتحديد وحماية المقابر الجماعية والكشف عن الجثت
                مجهولة الهوية واستعادة الرفات واخذ عيناتها ومطابقتها لعينات اسر الضحايا وإنشاء بنك رسمي للبيانات الجنية
                وتحاليل الحمض النووي ودعم الجهات المختصة في تحديد هوية الجثت للإغراض القضائية وتدريب المهارات للكوادر
                الوطنية بما يتوافق مع المعايير الدولية خاصة وان الهيئة العامة للاتصالات والمعلوماتية تمتلك الخبرات
                والدعم اللوجستي ما يؤهلها ان تكون شريكاً داعماً للهيئة العامة للبحث والتعرف علي المفقودين ، وللنهضة
                الوطنية بوصف العموم خدمة للصالح العام وترسيخ لمبداء التكامل بين مختلف مؤسسات الدولة.
                وعقب توقيع الاتفاقية قدم السيد رئيس الهيئة العامة للبحث والتعرف على المفقودين الدكتور كمال السيوى درع
                للسيد المهندس سامى الفنطازي رئيس الهيئة العامة للاتصالات والمعلوماتية تقديراً وعرفاناً على تعاونه.
            </field>
        </record>
        <record id="news_8" model="news">
            <field name="name">الهيئة العامة للاتصالات و المعلوماتية تستضيف اتحاد الرياضات الألكترونية الليبية</field>
            <field name="description">استضافت الهيئة العامة للاتصالات والمعلوماتية اليوم الثلاثاء الموافق 12/1/2021م
                اتحاد الرياضات الإلكترونية الليبية بحضور السيد الدكتور عبدالرحمن ابودبرة عن الهيئة العامة للاتصالات
                والمعلوماتية والسيد عبدالرحمن التكبالي رئيس اتحاد الرياضات إلالكترونية الليبية ونائبه السيد مؤيد الزباد
                وعددا من أعضاء الاتحاد وقد ألقى السيد ابودبرة كلمة رحب في مستهلها بالحضور قائلاً في كلمته بأنه يجب علينا
                تسليط الضوء على دور الشباب في رسم ملامح مستقبل وطنهم وضرورة مساهمتهم في مسيرة التنمية والتطوير ... وأوضح
                ان الهيئة العامة للاتصالات والمعلوماتية تعمل على تهيئة المساحات الكافية لإطلاق الشباب من ابناء الوطن
                لإبداعاتهم مؤكداً ان الهيئة تسخر جميع سبل التمكين والدعم على هذا الصعيد بما يضمن المساهمة الفعالة في
                تحقيق نجاحهم وتعزيز دورهم النوعي في بناء الوطن وصناعة التنمية عبر تهيئة المناخ الملائم لتنمية قدرات
                الشباب الرقمية وتسخير قدراتهم في دفع عملية التحول الرقمي وإطلاق العديد من البرامج والمبادرات التي تؤهلهم
                للمشاركة في مسيرة التنمية وذكر أيضاً ان ما اقدمت عليه الهيئة العامة للاتصالات والمعلوماتية من احتضان
                الاتحاد الليبي للرياضات الإلكترونية ما هو الا دليل على أهمية رياضات النشاط الذهني ومن هنا أبدى السيد
                رئيس الهيئة العامة للاتصالات والمعلوماتية المهندس سامي محمد الفنطازي استعداده الكامل لتقديم يد العون
                واستضافة الاتحاد ودعمه فنياً وتقنياً بأتفاقية ستوقع بين الجانبين في القريب العاجل وفي الختام قدم رئيس
                الاتحاد شكره لرئيس الهيئة على دعمه وحرصه ورعايته لهذا الاتحاد والرفع من مكانة ليبيا بين الدول العالم في
                مجال الرياضة الإلكترونية.
            </field>
        </record>

    </data>
</odoo>