<?xml version="1.0" encoding="utf-8"?>
<odoo>
    <data noupdate="0">
        <!--numbering_models_1-->
        <record id="pdf_numbering_models_1" model="ir.attachment">
            <field name="name">44.pdf</field>
            <field name="datas" type="base64" file="theme_cim/static/src/data/numbering_models/44.pdf"></field>
            <field name="mimetype">application/pdf;base64</field>
            <field name="public">True</field>
        </record>
        <record id="numbering_models_1" model="numbering.models">
            <field name="name">نموذج اتفاق التعرفة وموضوع الخدمة المضافة للرسائل القصيرة - للشركات المزودة المرخص لها فقط</field>
            <field name="attachment_id" ref="theme_cim.pdf_numbering_models_1"/>
        </record>

        <!--numbering_models_2-->
        <record id="pdf_numbering_models_2" model="ir.attachment">
            <field name="name">43.pdf</field>
            <field name="datas" type="base64" file="theme_cim/static/src/data/numbering_models/43.pdf"></field>
            <field name="mimetype">application/pdf;base64</field>
            <field name="public">True</field>
        </record>
        <record id="numbering_models_2" model="numbering.models">
            <field name="name">نموذج طلب تخصيص الأرقام القصيرة المجانية (14XX)</field>
            <field name="attachment_id" ref="theme_cim.pdf_numbering_models_2"/>
        </record>

        <!--numbering_models_3-->
        <record id="pdf_numbering_models_3" model="ir.attachment">
            <field name="name">45.pdf</field>
            <field name="datas" type="base64" file="theme_cim/static/src/data/numbering_models/45.pdf"></field>
            <field name="mimetype">application/pdf;base64</field>
            <field name="public">True</field>
        </record>
        <record id="numbering_models_3" model="numbering.models">
            <field name="name">نموذج طلب تخصيص الأرقام القصيرة الغير مجانية (15XX)</field>
            <field name="attachment_id" ref="theme_cim.pdf_numbering_models_3"/>
        </record>

        <!--numbering_models_4-->
        <record id="pdf_numbering_models_4" model="ir.attachment">
            <field name="name">46.pdf</field>
            <field name="datas" type="base64" file="theme_cim/static/src/data/numbering_models/46.pdf"></field>
            <field name="mimetype">application/pdf;base64</field>
            <field name="public">True</field>
        </record>
        <record id="numbering_models_4" model="numbering.models">
            <field name="name">نموذج طلب تخصيص الأرقام المجانية (0800XXXXXXXX)</field>
            <field name="attachment_id" ref="theme_cim.pdf_numbering_models_4"/>
        </record>

        <!--numbering_models_5-->
        <record id="pdf_numbering_models_5" model="ir.attachment">
            <field name="name">47.pdf</field>
            <field name="datas" type="base64" file="theme_cim/static/src/data/numbering_models/47.pdf"></field>
            <field name="mimetype">application/pdf;base64</field>
            <field name="public">True</field>
        </record>
        <record id="numbering_models_5" model="numbering.models">
            <field name="name">نموذج طلب تخصيص الأرقام المميزة (0900XXXXXXXX)</field>
            <field name="attachment_id" ref="theme_cim.pdf_numbering_models_5"/>
        </record>

        <!--numbering_models_6-->
        <record id="pdf_numbering_models_6" model="ir.attachment">
            <field name="name">18.pdf</field>
            <field name="datas" type="base64" file="theme_cim/static/src/data/numbering_models/18.pdf"></field>
            <field name="mimetype">application/pdf;base64</field>
            <field name="public">True</field>
        </record>
        <record id="numbering_models_6" model="numbering.models">
            <field name="name">جدول 2 قيم تعرفة تخصيص أرقام خدمات القيمة المضافة والقصيرة والمجانية وذات التعرفة المميزة.</field>
            <field name="attachment_id" ref="theme_cim.pdf_numbering_models_6"/>
        </record>

        <!--numbering_models_7-->
        <record id="pdf_numbering_models_7" model="ir.attachment">
            <field name="name">67.pdf</field>
            <field name="datas" type="base64" file="theme_cim/static/src/data/numbering_models/67.pdf"></field>
            <field name="mimetype">application/pdf;base64</field>
            <field name="public">True</field>
        </record>
        <record id="numbering_models_7" model="numbering.models">
            <field name="name">جدول 3 تصنيف وبيان أرقام خدمات القيمة المضافة</field>
            <field name="attachment_id" ref="theme_cim.pdf_numbering_models_7"/>
        </record>
    </data>
</odoo>